ID;RN;FN;RP;FP;Sensitivitaet;Spezifitaet;PPV;NPV
2566;0;1;0;0;0.0;;;0.0
2571;0;1;0;0;0.0;;;0.0
2576;9;0;1;1;1.0;0.9;0.5;1.0
2578;2;1;0;1;0.0;0.6666666666666666;0.0;0.6666666666666666
2595;11;0;1;0;1.0;1.0;1.0;1.0
2621;15;0;1;2;1.0;0.8823529411764706;0.3333333333333333;1.0
2625;22;0;1;0;1.0;1.0;1.0;1.0
2630;5;1;0;0;0.0;1.0;;0.8333333333333334
2633;3;0;1;1;1.0;0.75;0.5;1.0
2636;1;1;0;0;0.0;1.0;;0.5
2639;10;0;1;1;1.0;0.9090909090909091;0.5;1.0
2641;12;0;1;15;1.0;0.4444444444444444;0.0625;1.0
2650;0;0;1;0;1.0;;1.0;
2658;3;0;1;3;1.0;0.5;0.25;1.0
2581;1;0;1;0;1.0;1.0;1.0;1.0
2545;3;0;1;0;1.0;1.0;1.0;1.0
2712;3;0;1;1;1.0;0.75;0.5;1.0
2737;2;1;0;0;0.0;1.0;;0.6666666666666666
2747;0;0;1;3;1.0;0.0;0.25;
2596;1;0;1;0;1.0;1.0;1.0;1.0
2601;0;0;1;1;1.0;0.0;0.5;
2728;11;0;1;4;1.0;0.7333333333333333;0.2;1.0
2558;1;0;1;3;1.0;0.25;0.25;1.0
